[
  {
    "id": "450d4006-6fde-4c48-8688-7ab2ae9a0d86",
    "data": [
      {
        "text": "AGENDAR",
        "userDefined": false
      }
    ],
    "isTemplate": false,
    "count": 0,
    "lang": "pt-br",
    "updated": 0
  },
  {
    "id": "f64150fb-d4fd-4f2c-a1a7-863811d5adb2",
    "data": [
      {
        "text": "agendar",
        "userDefined": false
      }
    ],
    "isTemplate": false,
    "count": 1,
    "lang": "pt-br",
    "updated": 0
  },
  {
    "id": "8d5044c5-b178-4dd2-8d2d-3f1528654ff6",
    "data": [
      {
        "text": "Agendar",
        "userDefined": false
      }
    ],
    "isTemplate": false,
    "count": 4,
    "lang": "pt-br",
    "updated": 0
  }
]