[
  {
    "id": "dcdc86b9-d56b-4a75-85ff-a4a388c8fa89",
    "data": [
      {
        "text": "Encerrar",
        "userDefined": false
      }
    ],
    "isTemplate": false,
    "count": 0,
    "lang": "pt-br",
    "updated": 0
  },
  {
    "id": "1eddb91b-4b48-4d43-9301-70269ecfee7a",
    "data": [
      {
        "text": "4",
        "userDefined": false
      }
    ],
    "isTemplate": false,
    "count": 0,
    "lang": "pt-br",
    "updated": 0
  },
  {
    "id": "ed921f36-531a-4db9-95bd-f9893699ce9a",
    "data": [
      {
        "text": "4- Encerrar",
        "userDefined": false
      }
    ],
    "isTemplate": false,
    "count": 0,
    "lang": "pt-br",
    "updated": 0
  }
]