[
  {
    "id": "66854146-aa83-470a-9c53-bc9fa577a910",
    "data": [
      {
        "text": "nos",
        "userDefined": false
      }
    ],
    "isTemplate": false,
    "count": 0,
    "lang": "pt-br",
    "updated": 0
  },
  {
    "id": "f7e71cef-083a-4d39-8708-6f96084dea86",
    "data": [
      {
        "text": "Sobre",
        "userDefined": false
      }
    ],
    "isTemplate": false,
    "count": 0,
    "lang": "pt-br",
    "updated": 0
  },
  {
    "id": "5d7c9a19-e807-4100-90e6-ae96f3054255",
    "data": [
      {
        "text": "Sobre nós",
        "userDefined": false
      }
    ],
    "isTemplate": false,
    "count": 0,
    "lang": "pt-br",
    "updated": 0
  },
  {
    "id": "42e47f71-6ff7-4774-ba1f-4d48e83b80aa",
    "data": [
      {
        "text": "1- Sobre nós",
        "userDefined": false
      }
    ],
    "isTemplate": false,
    "count": 0,
    "lang": "pt-br",
    "updated": 0
  },
  {
    "id": "3f0a365e-2c1e-407e-b84a-8252a383f753",
    "data": [
      {
        "text": "1",
        "userDefined": false
      }
    ],
    "isTemplate": false,
    "count": 0,
    "lang": "pt-br",
    "updated": 0
  }
]